{"reward": [[0.16781428456306458], [0.3911043405532837], [0.33473002910614014], [0.3610741198062897], [0.4156343340873718], [0.39146825671195984], [0.39664793014526367], [0.3478842079639435], [0.33890441060066223], [0.46415895223617554], [0.33465445041656494], [0.37788790464401245], [0.3747216463088989], [0.30850329995155334], [0.331540584564209], [0.3865521550178528], [0.38357996940612793], [0.4126571714878082], [0.34825676679611206], [0.35082995891571045], [0.35600581765174866], [0.3937719166278839], [0.3384007215499878], [0.3504686951637268], [0.3641306161880493], [0.37557148933410645], [0.3442610502243042], [0.38036978244781494], [0.4547015428543091], [0.2847368121147156], [0.32391104102134705], [0.19635549187660217]], "epoch": 17, "reward_mean": 0.35566532611846924, "reward_std": 0.058378707617521286, "_timestamp": 1714974971.7235458, "approx_kl": 3.951980520611187e-09, "clipfrac": 0.044999998062849045, "loss": -0.1312183439731598, "inner_epoch": 0, "_runtime": 4570.669220685959, "_step": 140, "_wandb": {"runtime": 4583}}